"author_userName","obfuscated_userName","author_location","author_followers","author_following","author_isBlueVerified"
"__nisanjo","@447129996589185","Tondo, Manila",70326,1481,False
"_djchacha","@502848624539866","",644570,907,False
"_GaiaPoly","@894831624795349","",72606,1431,False
"ABSCBN","@344694405381762","Manila, Philippines",1907435,810,True
"ABSCBNNews","@403780272519270","Manila, Philippines",9949465,1086,True
"ABSCBNpr","@34859533045326","Quezon City, Philippines",228720,468,False
"AFP","@456793039343990","Around The World",2439137,636,True
"AHOF__GRANDMA","@876575320724228","",800551,4793,False
"akazukinchan2x","@347280075511207","Abbott Elementary",53463,411,False
"akoposimarcelo","@11503056031366","Quezon City",1945733,4561,True
"AltStarMagic","@526730790366201","Sa loob ng ABS-CBN sa Ignacia",120747,1810,True
"alvinelchico","@467161425997003","National Capital Region, Repub",105442,196,False
"amaxtriton","@802585864361733","+63",74044,1449,False
"ANCALERTS","@208287835608527","Philippines",5228890,745,True
"apangilinan","@936960220706872","Manila, Philippines",183258,1572,False
"Arshiethromycin","@70047054001669","Marinduque, Philippines ",228924,367,False
"AskPerplexity","@712192195397021","WhatsApp & Telegram",276509,69,True
"ateneodemanilau","@575306104619656","Metro Manila, Philippines",150327,176,False
"attyharryroque","@328126839578840","Manila",90453,756,False
"AttyLeiladeLima","@894416324110752","",188113,399,True
"AttyMatula","@730798648352396","Agusan del Sur/Biñan, Laguna",63040,19675,True
"bamaquino","@951392445303700","Philippines",330528,432,True
"BangkoSentral","@768795647400867","Manila, Philippines",74367,444,False
"barrygutierrez3","@33643637499439","Philippines",126417,155,False
"bayanmo","@326683475544033","Quezon City, Philippines",832828,325,False
"BbMaharlika","@942501146785377","United States",53130,570,True
"beabinene","@979339868045075","MNL, PH",1168954,407,True
"bgyo_ph","@69469140131426","",128120,31,True
"BiniJhoannaOFC","@607504780903547","Team Bloom Philippines",107408,105,False
"boynextdoorgelo","@722855629086973","",124581,1034,False
"bworldph","@263046335723381","Philippines",71839,691,False
"cebudailynews","@89467949717779","Cebu City, Central Visayas",396061,592,True
"ChelDiokno","@313045157065984","",766878,127,False
"ChinaDaily","@392144287340834","Beijing, China",4148434,161,True
"christian4ng","@304074697255144","",126952,1080,False
"CoachClarkeRoi","@459463616122924","Ipswich, England",110847,461,False
"coastguardph","@941601529273772","",86694,42,False
"ColmenaresPH","@765593486391771","Republic of the Philippines",128753,1131,False
"COMELEC","@690883004797923","Intramuros, Manila",184891,324,False
"dawende","@544435089225274","Manila, Philippines",134345,740,False
"ddaddu_wonu","@735063825931379","🐈‍⬛🍒🍑👼🌻 ",154501,1288,True
"DDIndialive","@506314709999037","New Delhi, India",100085,516,True
"dearscarjames","@627145326926585","Metro Manila, Philippines",111669,1018,False
"DepEd_PH","@767491417819876","Pasig City, Philippines",3626173,226,True
"DFAPHL","@980041180861544","Republic of the Philippines",161801,586,False
"DILGPhilippines","@702473756024784","Quezon City",105709,94,False
"dingdongbahan","@431350195952465","Taguig",122696,210,False
"Diplomat_APAC","@939053159718843","Tokyo, Japan",260103,819,True
"djtonytoni","@582086956207824","Manila 📍",166781,5288,True
"Doc4Dead","@760045333861206","Philippines",191900,554,False
"DOHgovph","@635859183001931","Manila, Philippines",754403,64,False
"DONATORSPH","@207199937674386","EST. 2016",136493,103,True
"DonBelleOFC","@211160740232893","WORLDWIDE ",293480,149,True
"DOTrPH","@660971977848663","Mandaluyong City, Metro Manila",282235,73,False
"DreamscapePH","@171641606623055","ABS-CBN Corporation",364710,234,False
"DrTonyLeachon","@220086054806635","",86148,4413,True
"dswdserves","@61701542896124","Quezon City, Philippines",93473,623,True
"dwnews","@838219205497877","Germany",756041,566,True
"DYANCASTILLEJO","@207506864402424","Philippines",402186,759,False
"dzbb","@430526661831933","Republic of the Philippines",268526,981,False
"dzrhnews","@982646580214281","Manila, Philippines",144519,1054,True
"ECISVEEP","@74008718786186","",557735,65,False
"EdsonCGuido","@964523599139071","",86481,290,False
"elsserafim","@797003264539486","🇵🇭 (he/him) ",115098,309,True
"EmeraldRobinson","@381142807539110","Appalachia ",821897,9086,True
"EngR_BeNtOn","@962605750295607","Cebu City, Central Visayas",110748,203,False
"EVERYW0NWOO","@135143476111003","she/her. sc jn ww mg mh vn dn",77824,6602,False
"FashionPulis","@630293266667219","",283306,0,False
"FifthSolomon","@926123131330486","Philippines",179521,1831,False
"filo_rants","@706317159413737","8 admins — 040723 🍉 🇵🇭",129404,41,False
"fischldiokno","@626580377812037","lunar valleys in my mind 🌙",73118,5929,False
"FlipTop_Battles","@261733853421159","Manila, Philippines",81493,260,False
"gabbi","@338481384978355","📍 south girl",885636,323,False
"gabmonstere","@720370803974566","ig: theianbautista ♡",57050,1171,False
"gangbadoy","@940986200881237","Manila, Philippines",95212,2530,False
"GerryCacanindin","@500052637110278","Manila, Philippines",81283,43,False
"gianbernardino_","@299832840210670","baguio city",93455,887,False
"GMA_PA","@177472899322393","National Capital Region",271702,188,False
"GMADrama","@198872042227056","",226915,298,False
"gmanetwork","@118642231280618","Philippines",1785472,703,True
"gmanews","@225867148354714","Philippines",6766173,678,True
"gmapinoytv","@701957206625792","Worldwide",118224,373,False
"gork","@390374313321317","",208400,0,True
"grabph","@121147772511640","Philippines",161445,8,True
"gretchenho","@747203202544115","Manila, Philippines",935423,1934,True
"gretsfullido","@808652668223562","",790635,1599,False
"grok","@515433734353119","wherever you are",4089199,3,True
"gulf_news","@642501421853558","United Arab Emirates",1532442,311,True
"gurlbehindthisb","@655931840941087","Davao City, Davao Region",52702,9384,False
"hecklerforever8","@951074506968504","",80452,824,False
"heyjoshd","@393378411952634","",127565,471,False
"HouseofRepsPH","@268528071035300","Quezon City",65069,110,True
"iaaamAJ_","@765344901799902","📍Guadalupe, Makati",135840,7331,False
"iamAlyloony","@574545242067207","PH ",327170,175,False
"iamkarendavila","@885932131248309","Philippines",3610080,725,True
"iamsuperbianca","@762646581760778","Philippines",7372966,725,True
"imchristan","@858159866780689","Philippines",55573,347,True
"indaysara","@338895877931805","Davao City",222699,0,False
"inquirerdotnet","@460436796410133","Makati City",3988694,1772,True
"INQUIRERSports","@996638878848698","Manila",58224,604,False
"interaksyon","@568503467839148","Philippines",210105,112,True
"iskolarium","@266167844425749","",85198,1891,False
"its_giancarlo19","@223518135129667","Lungsod ng Pasig, Pambansang P",145026,652,False
"ItsACsLife","@293929408961562","",298017,798,False
"itsShowtimeNa","@862265980845327","ABS-CBN Corporation",1854887,50,True
"ITSYABOISATANAS","@981143585017165","Dagat dagatang apoy",84249,24,False
"ivanmayrina","@60196334853176","Philippines",131501,844,False
"jaicabajar","@301255784819124","Republic of the Philippines",214983,894,False
"jajeanmyeon","@653348968629130","CARATLAND",54973,2438,True
"jcpunongbayan","@493592062383126","Metro Manila",87063,3733,False
"jeffcanoy","@448905441296611","Republic of the Philippines",353593,1821,False
"JerryGracio","@975452594351818","Valenzuela City",54850,3204,False
"jm_lago","@888315447435258","Manila, PHL",136623,2061,False
"jmdanganemd","@477124322791409","Manila City",89780,1029,False
"JohnnyThorFish","@710380529664789","Republic of the Philippines",54721,8024,False
"Joseph_Morong","@288092325482949","",224407,6814,False
"jpsoriano","@90425491279694","Manila, Philippines",62362,4516,False
"junepineda8","@686600434831547","National Capital Region, Repub",109553,103635,True
"KafosoMo","@138597082847997","Kamuning cor. Ignacia",58342,452,False
"KakanTuring","@658014619910474","",69184,1643,False
"KapamilyaV","@423019828630029","bgyo",51196,7490,False
"kblstgn","@372769658477055","",149717,257,False
"KevinKalbo","@281793685096992","Rizal, Calabarzon",125992,892,False
"kikopangilinan","@886466108474189","Philippines",1226125,1152,True
"KM_Jessica_Soho","@530465812194710","Philippines",1133107,62,True
"KorekKaJohn","@451018693498317","Philippines",544971,855,False
"kowalerts","@393195002743578","Republic of the Philippines",107106,515,True
"KrisAquinoWORLD","@243712156550633","Quezon City",146288,84,False
"kristianlsn","@843651532147221","кηιgнтѕ ",68042,9099,False
"kristof_Garcia1","@226555420991737","Pampanga/ Quezon City",96599,47,False
"kvn_akuseru","@544570462161348","",131611,1386,True
"LakasNgTimog","@431430099582412","Republic of the Philippines",64116,4536,False
"lianbuan","@185383840993067","Manila",55671,1526,False
"lilyganados","@21511923929102","National Capital Region",112434,5640,True
"linyalinya","@182981099720249","Philippines 🇵🇭",121478,1420,False
"LiveSmart","@906217790494918","",1496482,46737,True
"loui3f4undo","@755354780975001","Philippines",81385,2646,False
"LukeEspirituPH","@160566576803209","",88084,81,True
"MacLopez769","@701924561848438","",72610,309,True
"maltiq","@880917615908908","Manila City",57575,3640,True
"manayleila","@375868502461206","",191631,399,True
"manelavice","@6935580698334","",55139,647,True
"manilabulletin","@271091238095480","Manila, Philippines",1197144,199,True
"MannyPacquiao","@949876517460276","Philippines ",2515196,140,True
"maracepeda","@790489017757408","Manila, Philippines",60440,1678,True
"mariaressa","@966035680810647","Philippines",524520,5418,True
"markgeronimo_","@523538363812163","markangelocgeronimo@gmail.com",70896,9081,False
"mayaofficialph","@92125075573352","",72453,22538,False
"McDo_PH","@487108846324628","Philippines",968521,34,True
"mjfelipe","@495940144703352","MNL PH",546615,847,True
"mlq3","@499744014027672","Makati City",223526,3294,False
"MMDA","@766445741838227","Metro Manila",4857601,119,True
"mnlstandardph","@355061952774053","Manila, Philippines",59686,222,False
"MrFrankBaraan","@492771802193429","Republic of the Philippines",113176,79780,True
"n0tesforyou","@336339278578921","",245434,80348,True
"NDRRMC_OpCen","@21633871621785","Camp Aguinaldo, Quezon City",509171,43,False
"neilakunis2","@348849185888139","Lungsod ng Quezon, Pambansang ",154910,1036,False
"News5PH","@589029215591253","Philippines",802232,2242,True
"newsbreakph","@743418336111150","Philippines",103493,157,False
"newswatchplusph","@325002683734926","Philippines",1977756,221,True
"NikkeiAsia","@553341335611922","Tokyo, New York",412583,87,False
"official_RaffyG","@376829183648516","Quezon City, Philippines",71961,35,False
"Official_UPD","@951832276567495","Diliman, Quezon City",93134,77,False
"OneSportsPHL","@913663878775810","Philippines",328731,555,False
"OnlineDanas","@909142447472018","Belgrade, Republic of Serbia",243554,1579,True
"onlydansph","@487089746528580","Makati, Philippines",63663,0,True
"PBBabscbn","@272995495731233","PBB House",1899263,139,True
"PCIJdotOrg","@740925372283118","Philippines",123678,732,False
"PEPalerts","@154902250020656","",1470341,733,True
"PhilippineStar","@325680252986141","Philippines",1788192,866,True
"philredcross","@114567656502678","Philippines",608246,568,False
"PhilstarNews","@394926530180398","Manila, Philippines",1103000,148,True
"PIADesk","@820349757101934","Philippines",51852,437,False
"PinoyAkoBlog","@771634201586836","National Capital Region, Repub",227969,986,True
"pinoyanghang","@953579351695872","",59121,1151,True
"pldt","@140822838158142","Makati City, Philippines",82270,329,True
"PLDTHome","@553392147996554","Philippines",187946,136,False
"pnagovph","@997869412664760","Quezon City",78329,380,False
"pnppio","@427860129840148","Quezon City, Philippines",226365,1461,False
"PrincessFrance","@542273823464203","In places no one will find. ",124737,4034,False
"PSAgovph","@910706495334319","PSA Headquarters",65913,65,True
"PTVph","@701710453575340","Philippines",246538,675,False
"QCGov","@598431271637004","Quezon City, Philippines",113056,39,True
"QCMayorJoy","@225146479556448","Quezon City",55861,1,False
"raffytima","@825480963923244","Manila, Philippines",576378,299,False
"raissawriter","@442416196465886","Philippines",114659,5505,False
"rapplerdotcom","@289929405221207","Philippines",3778816,416,True
"rex_gatchalian","@108413343490611","Valenzuela City",129574,4835,True
"reyuzaki04","@87497269100842","",54733,277,False
"RG_Cruz12479","@619938740788026","Republic of the Philippines",70463,74,False
"RichHeydarian","@552630089176844","Indo-Pacifc",121755,2140,True
"rider10102022","@453194175528825","Republic of the Philippines",153330,23294,False
"risahontiveros","@430551629239151","Quezon City",501602,922,False
"robertmarion","@569968781582217","Philippines",3291210,453,True
"rodmagaru","@863258705082481","Philippines",52315,999,False
"rowena_guanzon","@472069454978195","Metro Manila",311302,224,False
"RTS_Vesti","@990693551711741","Belgrade, Serbia",99713,340,False
"RX931","@832068964410345","MNL, PH",201429,60,False
"SAMPERNANDO","@906689379282131","Alabama, USA",153170,761,False
"sandraguinaldo","@362828114252441","manila, philippines",493121,722,False
"sarahelago","@726261390312282","Republic of the Philippines",70441,2016,False
"SB_Senyora19","@624245059145938","Farm",99262,1090,False
"scorsaguin","@517766243783423","",116297,632,False
"SCPh_PIO","@599606626240481","Manila, Philippines",221426,3,True
"senatePH","@272211934715243","Pasay City, Philippines",187735,95,False
"sesanicheol","@419758435429497","최승철",81638,8159,False
"SevenSeas8951","@609658376521943","Republic of the Philippines",120812,14695,False
"shangshichan","@400719616066658","NYC / DTLA",57379,697,False
"shar_sanpedro","@534344214512120","",1007863,307,True
"ShettySimon","@495650444015507","",73496,379,False
"ShopeePH","@744326704873023","Republic of the Philippines",259467,25,True
"SinisaKovacevi6","@810102263175430","",175201,23,False
"smninews","@972890161400492","Makati City",105180,696,False
"stakupop","@965127034548388","toph. he / him. ‘04",56548,772,True
"starmagicphils","@635422973142700","ABS-CBN",1877850,218,True
"StarMusicPH","@249344188261153","Philippines",426270,606,True
"stgatchalian","@375972237654688","Philippines",70289,2429,True
"straits_times","@69230924760566","Singapore",1300923,134,True
"sunstarcebu","@775998989826013","Cebu, Philippines",344811,367,False
"TeamAFP","@892763079002533","Quezon City",116897,78,True
"TeddyBaguilatJr","@285078461744085","quezon city",139741,2351,False
"teddycasino","@577599718880651","Philippines",53797,384,True
"TFVUnion","@887853919267329","",98054,99,True
"the_hindu","@311498863658577","Chennai, India",8347597,200,True
"theklmanuel","@434834810779540","Ortigas",74274,1313,False
"TheLaSallian","@187950612861971","Manila, Philippines",215619,49,False
"TheManilaTimes","@97335055837904","Philippines",137996,482,True
"TheodoreBoborol","@671111720150493","Quezon City, Philippines",66070,0,False
"theskinsensei","@330470510121344","Manila, Philippines",129400,3244,False
"tinapperez","@220155150399216","Philippines",104369,367,False
"totoooh___","@579085927440047","Cornelia street",121320,401,False
"trtworld","@946497051061576","",626419,28,False
"TV5manila","@914819654887371","Philippines",498800,1099,False
"TVPatrol","@510149406765704","Philippines",2576776,264,True
"unoemilio","@593401886218948","",548472,709,False
"UNTVNewsRescue","@866960571195954","Quezon City, Philippines",99563,508,False
"upsystem","@848713523819896","Quezon City",215303,328,False
"USAmbPH","@783346144603517","Manila, Philippines",57786,640,True
"valenzuelacity","@281124621651367","Valenzuela City, Philippines",140625,685,True
"varsitarianust","@581989485640520","",101069,71,True
"vicotinamide","@230038042552127","mercury",80867,1519,False
"WhenInManila","@449819363341493","Manila, Philippines - Asia",70027,178,False
"willardcheng","@416755578157237","",107532,19,False
"WinGatchalian74","@758580440973699","Republic of the Philippines",79888,431,True
"XHNews","@93322195155854","Headquartered in Beijing, PRC",11808336,80,True
"xueishaoo","@582337149951708","⚠️ rt of own tweets 🔕",112106,986,True
